<?xml version="1.0" encoding="UTF-8"?>
<entity_profile>
<profile title="Header 3" profile_type="header" class_suffix="header-3">
<row title="Topbar" class="topbar" fullwidth="0">
<position title="Topbar" class_suffix="phone-number" col_lg="2" col_sm="6" col_md="4" col_xs="6">
<block title="Call us" block_type="custom_html" module_name="" hook_name="top" show_title="0">
				<htmlData><![CDATA[<p><em class="fa fa-phone"></em><span class="text-top">Call Us</span>: +00 1 2345 678</p>]]></htmlData>
			</block>
</position>
<position title="Topbar right" class_suffix="topbar-right" col_lg="10" col_sm="6" col_md="8" col_xs="6">
<block title="Setting" block_type="custom_html" module_name="" hook_name="top" show_title="0">
				<htmlData><![CDATA[<p><a class="icon-main-menu-topbar" href="#" title="Fashion">Setting<em class="fa fa-caret-down"></em></a></p>]]></htmlData>
			</block>
<block title="User info" block_type="module" module_name="blockuserinfo" hook_name="top" show_title="0" />
</position>
<position title="Menu topbar" class_suffix="menu-topbar" col_lg="12" col_sm="12" col_md="12" col_xs="12">
<block title="Languages" block_type="module" module_name="blocklanguages" hook_name="top" show_title="0" />
<block title="Currencies" block_type="module" module_name="blockcurrencies" hook_name="top" show_title="0" />
</position>
</row>
<row title="Logo" class="navbar-logo" fullwidth="0">
<position title="Logo" class_suffix="" col_lg="12" col_sm="12" col_md="12" col_xs="12">
<block title="Logo" block_type="logo" module_name="" hook_name="top" show_title="0" />
</position>
</row>
<row title="Main menu" class="main-menu-3" fullwidth="0">
<position title="Menu" class_suffix="topnav" col_lg="10" col_sm="2" col_md="10" col_xs="12">
<block title="Menu" block_type="module" module_name="jmsmegamenu" hook_name="top" show_title="0" />
</position>
<position title="Menu right" class_suffix="main-menu-right " col_lg="2" col_sm="10" col_md="2" col_xs="12">
<block title="Search" block_type="module" module_name="jmsajaxsearch" hook_name="top" show_title="0" />
<block title="Cart" block_type="module" module_name="blockcart" hook_name="top" show_title="0" />
</position>
</row>
</profile>
<profile title="Home 3" profile_type="homebody" class_suffix="home-3">
<row title="Slide show" class="section-slide" fullwidth="0">
<position title="Slide show" class_suffix="" col_lg="12" col_sm="12" col_md="12" col_xs="12">
<block title="Slide show" block_type="module" module_name="jmsslider" hook_name="home" show_title="0" />
</position>
</row>
<row title="Services" class="section-services" fullwidth="0">
<position title="Services" class_suffix="" col_lg="12" col_sm="12" col_md="12" col_xs="12">
<block title="Services " block_type="custom_html" module_name="" hook_name="top" show_title="0">
				<htmlData><![CDATA[<div class="services">
<div class="row">
<div class="services-box">
<div class="col-lg-4 col-md-4 col-sm-4">
<div class="services-content"><em class="fa fa-truck"></em> <a href="#" title="Free shipping"> Free shipping</a>
<p>Nullam diam mollis vitae posuer, lorem vitae venetis libero in molestie tempus enim.</p>
</div>
</div>
<div class="col-lg-4 col-md-4 col-sm-4">
<div class="services-content"><em class="fa fa-refresh"></em> <a href="#" title="Free shipping"> Return exchange</a>
<p>Nullam diam mollis vitae posuer, lorem vitae venetis libero in molestie tempus enim.</p>
</div>
</div>
<div class="col-lg-4 col-md-4 col-sm-4">
<div class="services-content"><em class="fa fa-comments"></em> <a href="#" title="Free shipping"> Support 24/7</a>
<p>Nullam diam mollis vitae posuer, lorem vitae venetis libero in molestie tempus enim.</p>
</div>
</div>
</div>
</div>
</div>]]></htmlData>
			</block>
</position>
</row>
<row title="New products" class="section-products" fullwidth="0">
<position title="New products" class_suffix="" col_lg="12" col_sm="12" col_md="12" col_xs="12">
<block title="New products" block_type="module" module_name="jmsnewproducts" hook_name="home" show_title="0" />
</position>
</row>
<row title="Center banner" class="center-banner" fullwidth="0">
<position title="Center banner" class_suffix="" col_lg="12" col_sm="12" col_md="12" col_xs="12">
<block title="Center banner" block_type="custom_html" module_name="" hook_name="top" show_title="0">
				<htmlData><![CDATA[<div class="row">
<div class="col-lg-3 col-md-3 col-sm-12 center-banner-box">
<div class="center-banner-content">
<div class="banner-responsive"><a href="#" title="Fashion"> <img src="themes/jms_elpis/img/demo/banner-7.jpg" class="img-responsive" alt="Fashion" /><span class="title">Top trend</span> </a></div>
</div>
</div>
<div class="col-lg-6 col-md-6 col-sm-12 center-banner-box">
<div class="center-banner-content">
<div class="banner-responsive"><img src="themes/jms_elpis/img/demo/banner-9.jpg" class="img-responsive" alt="Fashion" /><a class="video-play" href="https://www.youtube.com/embed/YQHsXMglC9A" target="_blank"> <em class="fa fa-play"></em> </a></div>
</div>
</div>
<div class="col-lg-3 col-md-3 col-sm-12 center-banner-box">
<div class="center-banner-content">
<div class="banner-responsive"><a href="#" title="Fashion"> <img src="themes/jms_elpis/img/demo/banner-8.jpg" class="img-responsive" alt="Fashion" /><span class="title">Best style</span> </a></div>
</div>
</div>
</div>]]></htmlData>
			</block>
</position>
</row>
<row title="List products" class="list-products" fullwidth="0">
<position title="Top selling" class_suffix="top-selling" col_lg="3" col_sm="6" col_md="3" col_xs="12">
<block title="Top selling" block_type="module" module_name="blockbestsellers" hook_name="leftcolumn" show_title="0" />
</position>
<position title="Latest" class_suffix="latest-products" col_lg="3" col_sm="6" col_md="3" col_xs="12">
<block title="New products" block_type="module" module_name="blocknewproducts" hook_name="leftcolumn" show_title="0" />
</position>
<position title="Featured products" class_suffix="featured-product" col_lg="3" col_sm="6" col_md="3" col_xs="12">
<block title="Featured products" block_type="module" module_name="homefeatured" hook_name="home" show_title="0" />
</position>
<position title="Onsale" class_suffix="onsale-products" col_lg="3" col_sm="6" col_md="3" col_xs="12">
<block title="On sale" block_type="module" module_name="onsaleproducts" hook_name="home" show_title="0" />
</position>
</row>
<row title="Testimonials" class="section-testimonials" fullwidth="0">
<position title="Testimonials" class_suffix="" col_lg="12" col_sm="12" col_md="12" col_xs="12">
<block title="Testimonials" block_type="module" module_name="jmstestimonials" hook_name="home" show_title="0" />
</position>
</row>
</profile>
<profile title="Footer 3" profile_type="footer" class_suffix="footer-3">
<row title="Brand" class="section-brand" fullwidth="0">
<position title="Brand" class_suffix="" col_lg="12" col_sm="12" col_md="12" col_xs="12">
<block title="Brand" block_type="module" module_name="jmsbrands" hook_name="footer" show_title="0" />
</position>
</row>
<row title="Footer navbar" class="footer-navbar" fullwidth="0">
<position title="Get in touch" class_suffix="" col_lg="3" col_sm="6" col_md="3" col_xs="12">
<block title="Get in touch" block_type="module" module_name="blockcontactinfos" hook_name="footer" show_title="1" />
<block title="Social" block_type="module" module_name="jmssocial" hook_name="top" show_title="0" />
</position>
<position title="Help and Support" class_suffix="" col_lg="3" col_sm="6" col_md="3" col_xs="12">
<block title="Help and Support " block_type="custom_html" module_name="" hook_name="top" show_title="1">
				<htmlData><![CDATA[<ul><li><a href="#" title="How to buy">How to buy</a></li>
<li><a href="#" title="Payment">Payment</a></li>
<li><a href="#" title="Shipping">Shipping</a></li>
<li><a href="#" title="Exchanges &amp; Return">Exchanges &amp; Return</a></li>
<li><a href="#" title="Privacy Policy">Privacy Policy</a></li>
</ul>]]></htmlData>
			</block>
</position>
<position title="Latest post" class_suffix="" col_lg="3" col_sm="6" col_md="3" col_xs="12">
<block title="Latest post " block_type="custom_html" module_name="" hook_name="top" show_title="1">
				<htmlData><![CDATA[<ul class="blog-item-footer"><li class="blog-item"><img class="img-responsive" src="themes/jms_elpis/img/demo/blog1.jpg" alt="Blog" /><div class="info-item"><a href="#" title="Fashion from italy">Fashion from italy</a> <span> <em class="fa fa-clock-o"></em> December 22, 2015 </span></div>
</li>
<li class="blog-item"><img class="img-responsive" src="themes/jms_elpis/img/demo/blog2.jpg" alt="Blog" /><div class="info-item"><a href="#" title="Pro style of lady">Pro style of lady</a> <span> <em class="fa fa-clock-o"></em> December 22, 2015 </span></div>
</li>
<li class="blog-item"><img class="img-responsive" src="themes/jms_elpis/img/demo/blog3.jpg" alt="Blog" /><div class="info-item"><a href="#" title="Women fashion model">Women fashion model</a> <span> <em class="fa fa-clock-o"></em> December 22, 2015 </span></div>
</li>
</ul>]]></htmlData>
			</block>
</position>
<position title="Newsletter" class_suffix="" col_lg="3" col_sm="6" col_md="3" col_xs="12">
<block title="Newsletter" block_type="module" module_name="blocknewsletter" hook_name="footer" show_title="0" />
</position>
</row>
<row title="Footer bottom" class="footer-bottom" fullwidth="0">
<position title="Coppy right" class_suffix="" col_lg="12" col_sm="12" col_md="12" col_xs="12">
<block title="Coppy right" block_type="custom_html" module_name="" hook_name="top" show_title="0">
				<htmlData><![CDATA[<p class="coppy-right">© 2015 Design by <a href="#">Joommasters.com</a>. Power by <a href="#">Prestashop</a>.</p>]]></htmlData>
			</block>
</position>
</row>
</profile>
</entity_profile>
