<?xml version="1.0" encoding="UTF-8"?>
<entity_profile>
<profile title="Header 6" profile_type="header" class_suffix="header-6">
<row title="Header bar" class="header-bar" fullwidth="0">
<position title="Logo" class_suffix="navbar-logo" col_lg="2" col_sm="2" col_md="2" col_xs="12">
<block title="Logo" block_type="logo" module_name="" hook_name="top" show_title="0" />
</position>
<position title="Header bar right" class_suffix="header-bar-right" col_lg="10" col_sm="10" col_md="10" col_xs="12">
<block title="Cart" block_type="module" module_name="blockcart" hook_name="top" show_title="0" />
<block title="Currencies" block_type="module" module_name="blockcurrencies" hook_name="top" show_title="0" />
<block title="Languages" block_type="module" module_name="blocklanguages" hook_name="top" show_title="0" />
<block title="User info " block_type="module" module_name="blockuserinfo" hook_name="top" show_title="0" />
<block title="Welcome" block_type="custom_html" module_name="" hook_name="top" show_title="0">
				<htmlData><![CDATA[<p class="visit_site">Welcome</p>]]></htmlData>
			</block>
</position>
</row>
<row title="Main menu" class="main-menu-6" fullwidth="0">
<position title="Menu" class_suffix="topnav" col_lg="8" col_sm="8" col_md="8" col_xs="2">
<block title="Menu" block_type="module" module_name="jmsmegamenu" hook_name="top" show_title="0" />
</position>
<position title="Search" class_suffix="block-search" col_lg="4" col_sm="4" col_md="4" col_xs="10">
<block title="Search" block_type="module" module_name="jmsajaxsearch" hook_name="top" show_title="0" />
</position>
</row>
</profile>
<profile title="Home 6" profile_type="homebody" class_suffix="home-6">
<row title="Slide show" class="section-slide" fullwidth="0">
<position title="Categories" class_suffix="section-category" col_lg="3" col_sm="12" col_md="3" col_xs="12">
<block title="Categories" block_type="module" module_name="blockcategories" hook_name="leftcolumn" show_title="0" />
<block title="Banner left" block_type="custom_html" module_name="" hook_name="top" show_title="0">
				<htmlData><![CDATA[<div class="banner-left banner-left-1"><img class="img-responsive" alt="Fashion" src="themes/jms_elpis/img/banner-left-2.jpg" /><a href="#" title="Discover"><span>Discover</span></a></div>]]></htmlData>
			</block>
<block title="Blog" block_type="module" module_name="jmsblogwidget" hook_name="home" show_title="0" />
<block title="Banner left 2" block_type="custom_html" module_name="" hook_name="top" show_title="0">
				<htmlData><![CDATA[<div class="banner-left banner-left-2"><a href="#" title="Fashion"> <img class="img-responsive" alt="Fashion" src="themes/jms_elpis/img/banner-left-3.jpg" /></a></div>]]></htmlData>
			</block>
<block title="Testimonials" block_type="module" module_name="jmstestimonials" hook_name="home" show_title="0" />
</position>
<position title="Slide show" class_suffix="section-slideshow" col_lg="9" col_sm="12" col_md="9" col_xs="12">
<block title="Slide show" block_type="module" module_name="jmsslider" hook_name="home" show_title="0" />
<block title="Home banner" block_type="custom_html" module_name="" hook_name="top" show_title="0">
				<htmlData><![CDATA[<div class="home-banner-6">
<div class="row">
<div class="col-lg-6 col-md-6 col-sm-6 col-xs-12 box-banner-1">
<div class="box-banner-content">
<div class="banner-content">
<div class="wrapper-content">
<div class="wrapper-banner"><a href="#" title="Fashion"> <img class="img-responsive" alt="Fashion" src="themes/jms_elpis/img/demo/banner-14.jpg" /></a></div>
</div>
</div>
</div>
</div>
<div class="col-lg-6 col-md-6 col-sm-6 col-xs-12 box-banner-2">
<div class="box-banner-content">
<div class="banner-content">
<div class="wrapper-content">
<div class="wrapper-banner"><a href="#" title="Fashion"> <img class="img-responsive" alt="Fashion" src="themes/jms_elpis/img/demo/banner-15.jpg" /></a></div>
</div>
</div>
</div>
</div>
</div>
</div>]]></htmlData>
			</block>
<block title="Best seller" block_type="module" module_name="jmsbestsellers" hook_name="top" show_title="0" />
<block title="Newsletter" block_type="module" module_name="blocknewsletter" hook_name="footer" show_title="0" />
<block title="New products" block_type="module" module_name="jmsnewproducts" hook_name="home" show_title="0" />
</position>
</row>
</profile>
<profile title="Footer 6" profile_type="footer" class_suffix="footer-6">
<row title="Choose us" class="choose_us" fullwidth="0">
<position title="Choose us" class_suffix="" col_lg="12" col_sm="12" col_md="12" col_xs="12">
<block title="Choose us" block_type="custom_html" module_name="" hook_name="top" show_title="0">
				<htmlData><![CDATA[<div class="choose_us_block">
<p><span>Choose us!</span> Purchase these ecommerce fashion prestashop responsive theme <a href="#" title="Purchase now"> <span>Purchase now</span> </a></p>
</div>]]></htmlData>
			</block>
</position>
</row>
<row title="Services" class="section-services" fullwidth="0">
<position title="Services" class_suffix="" col_lg="12" col_sm="12" col_md="12" col_xs="12">
<block title="Services" block_type="custom_html" module_name="" hook_name="top" show_title="0">
				<htmlData><![CDATA[<div class="services">
<div class="row">
<div class="services-box">
<div class="col-lg-3 col-md-3 col-sm-6 col-xs-12">
<div class="services-content"><em class="fa fa-truck"></em> <a href="#" title="Free shipping"> Free shipping</a>
<p>For all order over $99.00</p>
</div>
</div>
<div class="col-lg-3 col-md-3 col-sm-6 col-xs-12">
<div class="services-content"><em class="fa fa-refresh"></em> <a href="#" title="Free shipping"> Return exchange</a>
<p>30 days use trial return</p>
</div>
</div>
<div class="col-lg-3 col-md-3 col-sm-6 col-xs-12 last-items-services">
<div class="services-content"><em class="fa fa-thumbs-up"></em> <a href="#" title="Free shipping"> Save 30%</a>
<p>When you use credit card</p>
</div>
</div>
<div class="col-lg-3 col-md-3 col-sm-6 col-xs-12 last-items-services">
<div class="services-content"><em class="fa fa-comments"></em> <a href="#" title="Free shipping"> Support 24/7</a>
<p>Feedback customer 24/7</p>
</div>
</div>
</div>
</div>
</div>]]></htmlData>
			</block>
</position>
</row>
<row title="Footer navbar" class="footer-navbar" fullwidth="0">
<position title="My account" class_suffix="" col_lg="3" col_sm="6" col_md="3" col_xs="12">
<block title="My account" block_type="custom_html" module_name="" hook_name="top" show_title="1">
				<htmlData><![CDATA[<ul><li><a href="#" title="My orders">My orders</a></li>
<li><a href="#" title="My address">My address</a></li>
<li><a href="#" title="My information">My information</a></li>
<li><a href="#" title="My credits slips">My credits slips</a></li>
<li><a href="#" title="My history">My history</a></li>
</ul>]]></htmlData>
			</block>
</position>
<position title="Help and support" class_suffix="" col_lg="3" col_sm="6" col_md="3" col_xs="12">
<block title="Help and support" block_type="custom_html" module_name="" hook_name="top" show_title="1">
				<htmlData><![CDATA[<ul><li><a href="#" title="How to buy">How to buy</a></li>
<li><a href="#" title="Payment">Payment</a></li>
<li><a href="#" title="Shipping">Shipping</a></li>
<li><a href="#" title="Exchanges &amp; return">Exchanges &amp; return</a></li>
<li><a href="#" title="Privacy policy">Privacy policy</a></li>
</ul>]]></htmlData>
			</block>
</position>
<position title="Extras" class_suffix="" col_lg="3" col_sm="6" col_md="3" col_xs="12">
<block title="Extras" block_type="custom_html" module_name="" hook_name="top" show_title="1">
				<htmlData><![CDATA[<ul><li><a href="#" title="Returns">Returns</a></li>
<li><a href="#" title="Partner brands">Partner brands</a></li>
<li><a href="#" title="Gift vouchers">Gift vouchers</a></li>
<li><a href="#" title="Site map">Site map</a></li>
<li><a href="#" title="Delivery Info">Delivery Info</a></li>
</ul>]]></htmlData>
			</block>
</position>
<position title="Get in touch" class_suffix="" col_lg="3" col_sm="6" col_md="3" col_xs="12">
<block title="Get in touch" block_type="module" module_name="blockcontactinfos" hook_name="footer" show_title="1" />
<block title="Social" block_type="module" module_name="jmssocial" hook_name="top" show_title="0" />
</position>
</row>
<row title="Coppy right" class="section-coppy-right" fullwidth="0">
<position title="Coppy right" class_suffix="" col_lg="12" col_sm="12" col_md="12" col_xs="12">
<block title="Coppy right" block_type="custom_html" module_name="" hook_name="top" show_title="0">
				<htmlData><![CDATA[<p class="coppy-right">© 2015 Design by <a href="#">Joommasters.com</a>. Power by <a href="#">Prestashop</a>.</p>]]></htmlData>
			</block>
</position>
</row>
</profile>
</entity_profile>
