<?xml version="1.0" encoding="UTF-8"?>
<entity_profile>
<profile title="Header 1" profile_type="header" class_suffix="header-1">
<row title="Topbar" class="topbar" fullwidth="0">
<position title="Topbar left" class_suffix="topbar-left " col_lg="6" col_sm="6" col_md="6" col_xs="6">
<block title="Search" block_type="module" module_name="jmsajaxsearch" hook_name="top" show_title="0" />
<block title="Languages" block_type="module" module_name="blocklanguages" hook_name="top" show_title="0" />
<block title="Currencies" block_type="module" module_name="blockcurrencies" hook_name="top" show_title="0" />
</position>
<position title="Topbar right" class_suffix="topbar-right" col_lg="6" col_sm="6" col_md="6" col_xs="6">
<block title="Shopping cart" block_type="module" module_name="blockcart" hook_name="top" show_title="0" />
<block title="User info" block_type="module" module_name="blockuserinfo" hook_name="top" show_title="0" />
</position>
</row>
<row title="Navbar logo" class="navbar-logo" fullwidth="0">
<position title="Logo" class_suffix="" col_lg="12" col_sm="12" col_md="12" col_xs="12">
<block title="Logo" block_type="logo" module_name="" hook_name="top" show_title="0" />
</position>
</row>
<row title="Dropdow menu" class="section-menu" fullwidth="0">
<position title="Dropmenu" class_suffix="topnav" col_lg="12" col_sm="12" col_md="12" col_xs="12">
<block title="Menu" block_type="module" module_name="jmsmegamenu" hook_name="top" show_title="0" />
</position>
</row>
</profile>
<profile title="Home 1" profile_type="homebody" class_suffix="home-1">
<row title="Slide show" class="section-slide" fullwidth="1">
<position title="Slide show" class_suffix="" col_lg="12" col_sm="12" col_md="12" col_xs="12">
<block title="Slide show" block_type="module" module_name="jmsslider" hook_name="home" show_title="0" />
</position>
</row>
<row title="Home banner" class="home-banner" fullwidth="1">
<position title="Home banner" class_suffix="" col_lg="12" col_sm="12" col_md="12" col_xs="12">
<block title="Home banner" block_type="custom_html" module_name="" hook_name="top" show_title="0">
				<htmlData><![CDATA[<div class="col-lg-4 col-md-4 col-sm-4 box-banner box-banner-1">
<div class="box-banner-content"><img class="img-responsive" alt="Male Fashion" src="themes/jms_elpis/img/demo/banner-1.jpg" /><div class="banner-content">
<div class="wrapper-content">
<div class="wrapper-banner"><span class="title-top">The</span>
<p class="title">Male Fashion</p>
</div>
</div>
</div>
</div>
</div>
<div class="col-lg-4 col-md-4 col-sm-4 box-banner box-banner-2">
<div class="box-banner-content"><img class="img-responsive" alt="Double sale" src="themes/jms_elpis/img/demo/banner-2.jpg" /><div class="banner-content">
<div class="wrapper-content">
<div class="wrapper-banner">
<p class="title">Double sale</p>
</div>
</div>
</div>
</div>
</div>
<div class="col-lg-4 col-md-4 col-sm-4 box-banner box-banner-3">
<div class="box-banner-content"><img class="img-responsive" alt="Girl's Collection" src="themes/jms_elpis/img/demo/banner-3.jpg" /><div class="banner-content">
<div class="wrapper-content">
<div class="wrapper-banner">
<p class="title">Girl's Collection</p>
</div>
</div>
</div>
</div>
</div>]]></htmlData>
			</block>
</position>
</row>
<row title="Product filter" class="section-products" fullwidth="0">
<position title="Product filter" class_suffix="" col_lg="12" col_sm="12" col_md="12" col_xs="12">
<block title="Product filter" block_type="module" module_name="jmsproductfilter" hook_name="home" show_title="0" />
</position>
</row>
<row title="Blog" class="section-blog" fullwidth="0">
<position title="Blog" class_suffix="" col_lg="12" col_sm="12" col_md="12" col_xs="12">
<block title="Blog" block_type="module" module_name="jmsblogwidget" hook_name="home" show_title="0" />
</position>
</row>
</profile>
<profile title="Footer 1" profile_type="footer" class_suffix="footer-1">
<row title="Footer navbar" class="footer-navbar" fullwidth="0">
<position title="Newletters" class_suffix="newletters-box" col_lg="6" col_sm="6" col_md="6" col_xs="12">
<block title="Newsletter" block_type="module" module_name="blocknewsletter" hook_name="footer" show_title="0" />
</position>
<position title="Logo payment" class_suffix="payment-box" col_lg="6" col_sm="6" col_md="6" col_xs="12">
<block title="Logo payment" block_type="module" module_name="blockpaymentlogo" hook_name="leftcolumn" show_title="0" />
</position>
</row>
<row title="Footer center" class="footer-center" fullwidth="0">
<position title="Logo " class_suffix="" col_lg="2" col_sm="2" col_md="2" col_xs="12">
<block title="Logo" block_type="custom_html" module_name="" hook_name="top" show_title="0">
				<htmlData><![CDATA[<p><a href="index.php" title="Logo"><img class="img-responsive" alt="Logo" src="themes/jms_elpis/img/logo.png" /></a></p>]]></htmlData>
			</block>
</position>
<position title="Contact info" class_suffix="" col_lg="4" col_sm="4" col_md="4" col_xs="12">
<block title="Contact info" block_type="module" module_name="blockcontactinfos" hook_name="footer" show_title="0" />
</position>
<position title="Social - Menu" class_suffix="pull-right footer-right" col_lg="6" col_sm="6" col_md="6" col_xs="12">
<block title="Social" block_type="module" module_name="jmssocial" hook_name="top" show_title="0" />
<block title="Menu footer" block_type="custom_html" module_name="" hook_name="top" show_title="0">
				<htmlData><![CDATA[<div class="menu-footer">
<ul><li><a href="#" title="Company">Company</a></li>
<li><a href="#" title="Privacy">Privacy</a></li>
<li><a href="#" title="Terms">Terms</a></li>
<li><a href="#" title="Returns">Returns</a></li>
<li><a href="#" title="Afffliate">Afffliate</a></li>
<li><a href="#" title="FAQ">FAQ</a></li>
</ul></div>]]></htmlData>
			</block>
</position>
</row>
<row title="Footer bottom" class="footer-bottom" fullwidth="0">
<position title="Coppy right" class_suffix="" col_lg="12" col_sm="12" col_md="12" col_xs="12">
<block title="Coppy right" block_type="custom_html" module_name="" hook_name="top" show_title="0">
				<htmlData><![CDATA[<p>© 2015 Design by <a href="#">Joommasters.com</a>. Power by <a href="#">Prestashop</a>.</p>]]></htmlData>
			</block>
</position>
</row>
</profile>
</entity_profile>
