<?xml version="1.0" encoding="UTF-8"?>
<entity_profile>
<profile title="Header 5" profile_type="header" class_suffix="header-5">
<row title="Topbar" class="topbar" fullwidth="0">
<position title="Topbar left" class_suffix="topbar-left" col_lg="6" col_sm="6" col_md="6" col_xs="6">
<block title="Languages" block_type="module" module_name="blocklanguages" hook_name="top" show_title="0" />
<block title="Currencies" block_type="module" module_name="blockcurrencies" hook_name="top" show_title="0" />
</position>
<position title="Topbar right" class_suffix="topbar-right" col_lg="6" col_sm="6" col_md="6" col_xs="6">
<block title="User info" block_type="module" module_name="blockuserinfo" hook_name="top" show_title="0" />
</position>
</row>
<row title="Header bar" class="header-bar" fullwidth="0">
<position title="Logo" class_suffix="navbar-logo" col_lg="2" col_sm="4" col_md="4" col_xs="4">
<block title="Logo" block_type="logo" module_name="" hook_name="top" show_title="0" />
</position>
<position title="Search" class_suffix="header-right" col_lg="10" col_sm="8" col_md="8" col_xs="8">
<block title="Search" block_type="module" module_name="jmsajaxsearch" hook_name="top" show_title="0" />
<block title="Help and Support" block_type="custom_html" module_name="" hook_name="top" show_title="0">
				<htmlData><![CDATA[<p>Help &amp; Support <span class="phone_number">+00 1 2345 678</span></p>]]></htmlData>
			</block>
</position>
</row>
<row title="Main menu" class="main-menu-5" fullwidth="0">
<position title="Main menu" class_suffix="topnav" col_lg="10" col_sm="6" col_md="10" col_xs="6">
<block title="Main menu" block_type="module" module_name="jmsmegamenu" hook_name="top" show_title="0" />
</position>
<position title="Cart" class_suffix="menu-right" col_lg="2" col_sm="6" col_md="2" col_xs="6">
<block title="Cart" block_type="module" module_name="blockcart" hook_name="top" show_title="0" />
</position>
</row>
</profile>
<profile title="Home 5" profile_type="homebody" class_suffix="home-5">
<row title="Slide Banner" class="section-slide" fullwidth="0">
<position title="Slide show" class_suffix="" col_lg="8" col_sm="12" col_md="8" col_xs="12">
<block title="Slide show" block_type="module" module_name="jmsslider" hook_name="home" show_title="0" />
</position>
<position title="Home banner" class_suffix="" col_lg="4" col_sm="12" col_md="4" col_xs="12">
<block title="Home banner" block_type="custom_html" module_name="" hook_name="top" show_title="0">
				<htmlData><![CDATA[<div class="box-banner box-banner-1">
<div class="box-banner-content"><img class="img-responsive" alt="Sandal collection" src="themes/jms_elpis/img/demo/banner-12.jpg" /><div class="banner-content">
<div class="wrapper-content">
<div class="wrapper-banner">
<p class="title">Sandal collection</p>
</div>
</div>
</div>
</div>
</div>
<div class="box-banner box-banner-2">
<div class="box-banner-content"><img class="img-responsive" alt="sale off" src="themes/jms_elpis/img/demo/banner-13.jpg" /><div class="banner-content">
<div class="wrapper-content">
<div class="wrapper-banner">
<p class="title"><span>30%</span> sale off</p>
</div>
</div>
</div>
</div>
</div>]]></htmlData>
			</block>
</position>
</row>
<row title="Services" class="section-services" fullwidth="0">
<position title="Services" class_suffix="" col_lg="12" col_sm="12" col_md="12" col_xs="12">
<block title="Services" block_type="custom_html" module_name="" hook_name="top" show_title="0">
				<htmlData><![CDATA[<div class="services">
<div class="row">
<div class="services-box">
<div class="col-lg-4 col-md-4 col-sm-4">
<div class="services-content"><em class="fa fa-truck"></em>
<div class="wrapper-services"><a href="#" title="Free shipping"> Free shipping</a>
<p>Free shipping for all order over $99.00</p>
</div>
</div>
</div>
<div class="col-lg-4 col-md-4 col-sm-4">
<div class="services-content"><em class="fa fa-refresh"></em>
<div class="wrapper-services"><a href="#" title="Free shipping"> Return exchange</a>
<p>30 days use trial and return</p>
</div>
</div>
</div>
<div class="col-lg-4 col-md-4 col-sm-4">
<div class="services-content"><em class="fa fa-comments"></em>
<div class="wrapper-services"><a href="#" title="Free shipping"> Support 24/7</a>
<p>Feedback customers 24/7</p>
</div>
</div>
</div>
</div>
</div>
</div>]]></htmlData>
			</block>
</position>
</row>
<row title="Center Products" class="center-products" fullwidth="0">
<position title="Left column" class_suffix="left-column" col_lg="3" col_sm="12" col_md="3" col_xs="12">
<block title="Categories" block_type="module" module_name="blockcategories" hook_name="leftcolumn" show_title="0" />
<block title="Top selling" block_type="module" module_name="blockbestsellers" hook_name="leftcolumn" show_title="0" />
<block title="Banner left " block_type="custom_html" module_name="" hook_name="top" show_title="0">
				<htmlData><![CDATA[<div class="banner-left"><a title="Fashion" href="#"> <img class="img-responsive" alt="Fashion" src="themes/jms_elpis/img/banner-left.jpg" /></a></div>]]></htmlData>
			</block>
<block title="Newsletter" block_type="module" module_name="blocknewsletter" hook_name="footer" show_title="0" />
</position>
<position title="Right column" class_suffix="right-column" col_lg="9" col_sm="12" col_md="9" col_xs="12">
<block title="New products" block_type="module" module_name="jmsnewproducts" hook_name="home" show_title="0" />
<block title="Discount" block_type="custom_html" module_name="" hook_name="top" show_title="0">
				<htmlData><![CDATA[<div class="sale_orders">
<div class="sale-order-box">
<p><span>50% discount</span> on all orders from united stated</p>
<a href="#" title="Check now">Check now</a></div>
</div>]]></htmlData>
			</block>
<block title="Featured products" block_type="module" module_name="jmsfeaturedjcarousel" hook_name="home" show_title="0" />
<block title="Blog" block_type="module" module_name="jmsblogwidget" hook_name="home" show_title="0" />
</position>
</row>
</profile>
<profile title="Footer 5" profile_type="footer" class_suffix="footer-5">
<row title="Brand" class="section-brand" fullwidth="0">
<position title="Brand" class_suffix="" col_lg="12" col_sm="12" col_md="12" col_xs="12">
<block title="Brand" block_type="module" module_name="jmsbrands" hook_name="footer" show_title="0" />
</position>
</row>
<row title="Footer navbar" class="footer-navbar" fullwidth="0">
<position title="Footer navbar" class_suffix="" col_lg="12" col_sm="12" col_md="12" col_xs="12">
<block title="Logo" block_type="custom_html" module_name="" hook_name="top" show_title="0">
				<htmlData><![CDATA[<p><a href="index.php" title="Fashion"> <img src="themes/jms_elpis/img/footer-5.png" alt="Fashion" /></a></p>]]></htmlData>
			</block>
<block title="Contact info " block_type="module" module_name="blockcontactinfos" hook_name="footer" show_title="0" />
<block title="Logo payment" block_type="module" module_name="blockpaymentlogo" hook_name="footer" show_title="0" />
</position>
</row>
<row title="Footer bottom" class="footer-bottom" fullwidth="0">
<position title="Footer bottom" class_suffix="footer-bottom-left" col_lg="6" col_sm="6" col_md="6" col_xs="12">
<block title="Menu footer" block_type="custom_html" module_name="" hook_name="top" show_title="0">
				<htmlData><![CDATA[<ul><li><a href="#" title="Company">Company</a></li>
<li><a href="#" title="Privacy">Privacy</a></li>
<li><a href="#" title="Returns">Returns</a></li>
<li><a href="#" title="Affiliate">Affiliate</a></li>
<li><a href="#" title="Contact">Contact</a></li>
<li><a href="#" title="FAQ">FAQ</a></li>
</ul>]]></htmlData>
			</block>
<block title="Coppy right" block_type="custom_html" module_name="" hook_name="top" show_title="0">
				<htmlData><![CDATA[<p class="coppy-right">© 2015 Design by <a href="#">Joommasters.com</a>. Power by <a href="#">Prestashop</a>.</p>]]></htmlData>
			</block>
</position>
<position title="Footer bottom right" class_suffix="footer-bottom-right" col_lg="6" col_sm="6" col_md="6" col_xs="12">
<block title="Social" block_type="module" module_name="jmssocial" hook_name="top" show_title="0" />
</position>
</row>
</profile>
</entity_profile>
