<?xml version="1.0" encoding="UTF-8"?>
<entity_profile>
<profile title="Header 4" profile_type="header" class_suffix="header-4">
<row title="Topbar" class="topbar menu-topbar" fullwidth="0">
<position title="Topbar left " class_suffix="topbar-left" col_lg="6" col_sm="6" col_md="6" col_xs="10">
<block title="Languages" block_type="module" module_name="blocklanguages" hook_name="top" show_title="0" />
<block title="Currencies" block_type="module" module_name="blockcurrencies" hook_name="top" show_title="0" />
</position>
<position title="Topbar right" class_suffix="topbar-right" col_lg="6" col_sm="6" col_md="6" col_xs="2">
<block title="User info " block_type="module" module_name="blockuserinfo" hook_name="top" show_title="0" />
</position>
</row>
<row title="Logo" class="navbar-logo" fullwidth="0">
<position title="Logo" class_suffix="" col_lg="12" col_sm="12" col_md="12" col_xs="12">
<block title="Logo" block_type="logo" module_name="" hook_name="top" show_title="0" />
</position>
</row>
<row title="Main menu" class="main-menu-4" fullwidth="0">
<position title="Main menu" class_suffix="topnav" col_lg="8" col_sm="8" col_md="8" col_xs="2">
<block title="Menu" block_type="module" module_name="jmsmegamenu" hook_name="top" show_title="0" />
</position>
<position title="Menu right" class_suffix="main-menu-right" col_lg="4" col_sm="4" col_md="4" col_xs="10">
<block title="Cart" block_type="module" module_name="blockcart" hook_name="top" show_title="0" />
<block title="Search" block_type="module" module_name="jmsajaxsearch" hook_name="top" show_title="0" />
<block title="Setting" block_type="custom_html" module_name="" hook_name="top" show_title="0">
				<htmlData><![CDATA[<p><a class="icon-main-menu-topbar" href="#" title="Fashion">Setting<em class="fa fa-cog"></em></a></p>]]></htmlData>
			</block>
</position>
</row>
</profile>
<profile title="Home 4" profile_type="homebody" class_suffix="home-4">
<row title="Slide show" class="section-slide" fullwidth="1">
<position title="Slide show" class_suffix="" col_lg="12" col_sm="12" col_md="12" col_xs="12">
<block title="Slide show" block_type="module" module_name="jmsslider" hook_name="home" show_title="0" />
</position>
</row>
<row title="New products" class="section-products" fullwidth="0">
<position title="New products" class_suffix="" col_lg="12" col_sm="12" col_md="12" col_xs="12">
<block title="New products" block_type="module" module_name="jmsnewproducts" hook_name="home" show_title="0" />
</position>
</row>
<row title="Home banner" class="section-banner" fullwidth="0">
<position title="Home banner" class_suffix="" col_lg="12" col_sm="12" col_md="12" col_xs="12">
<block title="Home banner" block_type="custom_html" module_name="" hook_name="top" show_title="0">
				<htmlData><![CDATA[<div class="row">
<div class="col-lg-6 col-md-6 col-sm-6 col-xs-12 box-banner box-banner-1">
<div class="box-banner-content"><img class="img-responsive" alt="Save an extra" src="themes/jms_elpis/img/demo/banner-10.jpg" /><div class="banner-content">
<div class="wrapper-content">
<div class="wrapper-banner">
<p class="title">Save an <span>extra</span> 30%</p>
</div>
</div>
</div>
</div>
</div>
<div class="col-lg-6 col-md-6 col-sm-6 col-xs-12 box-banner box-banner-2">
<div class="box-banner-content"><img class="img-responsive" alt="Off now men!" src="themes/jms_elpis/img/demo/banner-11.jpg" /><div class="banner-content">
<div class="wrapper-content">
<div class="wrapper-banner">
<p class="title">Off now <span>men!</span></p>
</div>
</div>
</div>
</div>
</div>
</div>]]></htmlData>
			</block>
</position>
</row>
<row title="Featured products" class="section-products" fullwidth="0">
<position title="Featured products" class_suffix="" col_lg="12" col_sm="12" col_md="12" col_xs="12">
<block title="Featured products" block_type="module" module_name="jmsfeaturedjcarousel" hook_name="home" show_title="0" />
</position>
</row>
<row title="Blog" class="section-blog" fullwidth="0">
<position title="Blog" class_suffix="" col_lg="12" col_sm="12" col_md="12" col_xs="12">
<block title="Blog" block_type="module" module_name="jmsblogwidget" hook_name="home" show_title="0" />
</position>
</row>
</profile>
<profile title="Footer 4" profile_type="footer" class_suffix="footer-4">
<row title="Newletters" class="newletters-section" fullwidth="0">
<position title="Newsletter" class_suffix="" col_lg="12" col_sm="12" col_md="12" col_xs="12">
<block title="Newsletter" block_type="module" module_name="blocknewsletter" hook_name="footer" show_title="0" />
</position>
</row>
<row title="Footer navbar" class="footer-navbar" fullwidth="0">
<position title="Footer navbar" class_suffix="menu-bottom" col_lg="12" col_sm="12" col_md="12" col_xs="12">
<block title="Menu footer" block_type="custom_html" module_name="" hook_name="top" show_title="0">
				<htmlData><![CDATA[<ul><li><a href="#" title="Company">Company</a></li>
<li><a href="#" title="Privacy">Privacy</a></li>
<li><a href="#" title="Returns">Returns</a></li>
<li><a href="#" title="Affiliate">Affiliate</a></li>
<li><a href="#" title="Contact">Contact</a></li>
<li><a href="#" title="FAQ">FAQ</a></li>
</ul>]]></htmlData>
			</block>
</position>
<position title="Coppy right" class_suffix="coppy-right" col_lg="12" col_sm="12" col_md="12" col_xs="12">
<block title="Coppy right" block_type="custom_html" module_name="" hook_name="top" show_title="0">
				<htmlData><![CDATA[<p class="coppy-right">© 2015 Design by <a href="#">Joommasters.com</a>. Power by <a href="#">Prestashop</a>.</p>]]></htmlData>
			</block>
</position>
<position title="Social channels" class_suffix="" col_lg="12" col_sm="12" col_md="12" col_xs="12">
<block title="Social" block_type="module" module_name="jmssocial" hook_name="top" show_title="0" />
</position>
</row>
</profile>
</entity_profile>
