<?xml version="1.0" encoding="UTF-8"?>
<entity_profile>
<profile title="Header 7" profile_type="header" class_suffix="header-2 header-7">
<row title="Topbar" class="topbar" fullwidth="0">
<position title="Topbar left" class_suffix="topbar-left " col_lg="6" col_sm="6" col_md="6" col_xs="6">
<block title="Languages" block_type="module" module_name="blocklanguages" hook_name="top" show_title="0" />
<block title="Currencies" block_type="module" module_name="blockcurrencies" hook_name="top" show_title="0" />
</position>
<position title="Topbar right" class_suffix="topbar-right" col_lg="6" col_sm="6" col_md="6" col_xs="6">
<block title="User info" block_type="module" module_name="blockuserinfo" hook_name="top" show_title="0" />
</position>
</row>
<row title="Header bar" class="header-bar" fullwidth="0">
<position title="Logo" class_suffix="navbar-logo" col_lg="2" col_sm="2" col_md="2" col_xs="2">
<block title="Logo" block_type="logo" module_name="" hook_name="top" show_title="0" />
</position>
<position title="Header right" class_suffix="header-right" col_lg="2" col_sm="2" col_md="2" col_xs="12">
<block title="Cart" block_type="module" module_name="blockcart" hook_name="top" show_title="0" />
<block title="Search" block_type="module" module_name="jmsajaxsearch" hook_name="top" show_title="0" />
</position>
<position title="Menu " class_suffix="topnav" col_lg="8" col_sm="8" col_md="8" col_xs="12">
<block title="Megamenu" block_type="module" module_name="jmsmegamenu" hook_name="top" show_title="0" />
</position>
</row>
</profile>
<profile title="Home 7" profile_type="homebody" class_suffix="home-7">
<row title="Slide show" class="section-slide" fullwidth="1">
<position title="Slide show" class_suffix="" col_lg="12" col_sm="12" col_md="12" col_xs="12">
<block title="Slide show" block_type="module" module_name="jmsslider" hook_name="home" show_title="0" />
</position>
</row>
<row title="Our products" class="section-products" fullwidth="0">
<position title="Our products" class_suffix="" col_lg="12" col_sm="12" col_md="12" col_xs="12">
<block title="Our products" block_type="module" module_name="jmsproductfilter" hook_name="home" show_title="1" />
</position>
</row>
<row title="Home banner" class="section-home-banner" fullwidth="0">
<position title="Home banner" class_suffix="" col_lg="12" col_sm="12" col_md="12" col_xs="12">
<block title="Home banner" block_type="custom_html" module_name="" hook_name="top" show_title="0">
				<htmlData><![CDATA[<div class="row">
<div class="col-lg-4 col-md-4 col-sm-4 col-xs-12 home-adsense home-adsense-1">
<div class="home-adsense-content home-adsense-content-1"><img class="img-responsive" src="themes/jms_elpis/img/demo/banner-16.jpg" alt="Fashion" /><div class="home-box-adsense-content">
<div class="home-box-adsense">
<div class="home-box-content">
<p class="title"><a href="#" title="Fashion">Spring discount</a> <span>50%</span></p>
</div>
</div>
</div>
</div>
<div class="home-adsense-content home-adsense-content-2"><img class="img-responsive" src="themes/jms_elpis/img/demo/banner-17.jpg" alt="Fashion" /><div class="home-box-adsense-content">
<div class="home-box-adsense">
<div class="home-box-content">
<p class="title"><a href="#" title="Fashion">Top trend</a></p>
</div>
</div>
</div>
</div>
</div>
<div class="col-lg-4 col-md-4 col-sm-4 col-xs-12 home-adsense home-adsense-2">
<div class="home-adsense-content"><img class="img-responsive" src="themes/jms_elpis/img/demo/banner-18.jpg" alt="Fashion" /><div class="home-box-adsense-content">
<div class="home-box-adsense">
<div class="home-box-content">
<p class="title"><a href="#" title="Fashion"> <span>New design</span> Street collection </a></p>
</div>
</div>
</div>
</div>
</div>
<div class="col-lg-4 col-md-4 col-sm-4 col-xs-12 home-adsense home-adsense-3">
<div class="home-adsense-content home-adsense-content-3"><img class="img-responsive" src="themes/jms_elpis/img/demo/banner-19.jpg" alt="Fashion" /><div class="home-box-adsense-content">
<div class="home-box-adsense">
<div class="home-box-content">
<p class="title"><a href="#" title="Fashion">Men's t-shirts</a></p>
</div>
</div>
</div>
</div>
<div class="home-adsense-content home-adsense-content-4">
<div class="home-box-adsense-content">
<div class="home-box-adsense">
<div class="home-box-content">
<p class="title"><a href="#" title="Fashion"> <span>Big sale</span> </a> Find your style width special deals</p>
</div>
</div>
</div>
</div>
</div>
</div>]]></htmlData>
			</block>
</position>
</row>
<row title="Top selling" class="section-topselling" fullwidth="0">
<position title="Top selling" class_suffix="" col_lg="12" col_sm="12" col_md="12" col_xs="12">
<block title="Top selling" block_type="module" module_name="jmsbestsellers" hook_name="top" show_title="0" />
</position>
</row>
<row title="Testimonials" class="section-testimonials" fullwidth="0">
<position title="Testimonials" class_suffix="" col_lg="12" col_sm="12" col_md="12" col_xs="12">
<block title="Testimonials" block_type="module" module_name="jmstestimonials" hook_name="home" show_title="0" />
</position>
</row>
<row title="Blog" class="section-blog" fullwidth="0">
<position title="Blog" class_suffix="" col_lg="12" col_sm="12" col_md="12" col_xs="12">
<block title="Blog" block_type="module" module_name="jmsblogwidget" hook_name="home" show_title="0" />
</position>
</row>
</profile>
<profile title="Footer 7" profile_type="footer" class_suffix="footer-7">
<row title="Footer top" class="footer-top" fullwidth="0">
<position title="Footer top" class_suffix="" col_lg="12" col_sm="12" col_md="12" col_xs="12">
<block title="Footer top" block_type="custom_html" module_name="" hook_name="top" show_title="0">
				<htmlData><![CDATA[<p><img alt="Fashion" src="themes/jms_elpis/img/logo-3.png" /></p>
<p>Vivamus duerat fringilla non dusit amet luctus condimentum neque, etiam ipsum justo dapibus gravida lacinia, placerat tincidunt purus</p>]]></htmlData>
			</block>
</position>
</row>
<row title="Footer navbar" class="footer-navbar" fullwidth="0">
<position title="Newsletter" class_suffix="" col_lg="4" col_sm="12" col_md="4" col_xs="12">
<block title="Newsletter" block_type="module" module_name="blocknewsletter" hook_name="footer" show_title="0" />
</position>
<position title="Get in touch" class_suffix="" col_lg="4" col_sm="12" col_md="4" col_xs="12">
<block title="Get in touch" block_type="module" module_name="blockcontactinfos" hook_name="footer" show_title="1" />
</position>
<position title="Accept payment" class_suffix="" col_lg="4" col_sm="12" col_md="4" col_xs="12">
<block title="Accept payment" block_type="module" module_name="blockpaymentlogo" hook_name="footer" show_title="1" />
</position>
</row>
<row title="Footer bottom" class="footer-bottom" fullwidth="0">
<position title="Menu footer" class_suffix="" col_lg="12" col_sm="12" col_md="12" col_xs="12">
<block title="Menu footer" block_type="custom_html" module_name="" hook_name="top" show_title="0">
				<htmlData><![CDATA[<ul><li><a href="#" title="Company">Company</a></li>
<li><a href="#" title="Privacy">Privacy</a></li>
<li><a href="#" title="Returns">Returns</a></li>
<li><a href="#" title="Affiliate">Affiliate</a></li>
<li><a href="#" title="Contact">Contact</a></li>
<li><a href="#" title="FAQ">FAQ</a></li>
</ul>]]></htmlData>
			</block>
</position>
<position title="Coppy right" class_suffix="coppy-right" col_lg="12" col_sm="12" col_md="12" col_xs="12">
<block title="Coppy right" block_type="custom_html" module_name="" hook_name="top" show_title="0">
				<htmlData><![CDATA[<p class="coppy-right">© 2015 Design by <a href="#">Joommasters.com</a>. Power by <a href="#">Prestashop</a>.</p>]]></htmlData>
			</block>
</position>
<position title="Social" class_suffix="" col_lg="12" col_sm="12" col_md="12" col_xs="12">
<block title="Social" block_type="module" module_name="jmssocial" hook_name="top" show_title="0" />
</position>
</row>
</profile>
</entity_profile>
