<?xml version="1.0" encoding="UTF-8"?>
<entity_profile>
<profile title="Header 2" profile_type="header" class_suffix="header-2">
<row title="Topbar" class="topbar" fullwidth="0">
<position title="Topbar left" class_suffix="topbar-left " col_lg="6" col_sm="6" col_md="6" col_xs="6">
<block title="Languages" block_type="module" module_name="blocklanguages" hook_name="top" show_title="0" />
<block title="Currencies" block_type="module" module_name="blockcurrencies" hook_name="top" show_title="0" />
</position>
<position title="Topbar right" class_suffix="topbar-right" col_lg="6" col_sm="6" col_md="6" col_xs="6">
<block title="User info" block_type="module" module_name="blockuserinfo" hook_name="top" show_title="0" />
</position>
</row>
<row title="Header bar" class="header-bar" fullwidth="0">
<position title="Logo" class_suffix="navbar-logo" col_lg="2" col_sm="2" col_md="2" col_xs="12">
<block title="Logo" block_type="logo" module_name="" hook_name="top" show_title="0" />
</position>
<position title="Header right" class_suffix="header-right" col_lg="2" col_sm="2" col_md="2" col_xs="12">
<block title="Cart" block_type="module" module_name="blockcart" hook_name="top" show_title="0" />
<block title="Search" block_type="module" module_name="jmsajaxsearch" hook_name="top" show_title="0" />
</position>
<position title="Menu " class_suffix="topnav" col_lg="8" col_sm="8" col_md="8" col_xs="12">
<block title="Megamenu" block_type="module" module_name="jmsmegamenu" hook_name="top" show_title="0" />
</position>
</row>
</profile>
<profile title="Home 2" profile_type="homebody" class_suffix="home-2">
<row title="Slide show" class="section-slide" fullwidth="0">
<position title="Slide show" class_suffix="" col_lg="12" col_sm="12" col_md="12" col_xs="12">
<block title="Slide show" block_type="module" module_name="jmsslider" hook_name="home" show_title="0" />
</position>
</row>
<row title="Home banner" class="home-banner" fullwidth="0">
<position title="Home banner" class_suffix="" col_lg="12" col_sm="12" col_md="12" col_xs="12">
<block title="Home banner" block_type="custom_html" module_name="" hook_name="top" show_title="0">
				<htmlData><![CDATA[<div class="row">
<div class="col-lg-4 col-md-4 col-sm-4 col-xs-12 home-adsense home-adsense-1">
<div class="ads-content"><img class="img-responsive" src="themes/jms_elpis/img/demo/banner-4.jpg" alt="Fashion" /><div class="box-adsense-content">
<div class="box-adsense">
<div class="adsense-content">
<p class="title"><em class="line-1"></em> <a href="#" title="Fashion">Tops women 2016</a> <em class="line-2"></em></p>
</div>
</div>
</div>
</div>
</div>
<div class="col-lg-4 col-md-4 col-sm-4 col-xs-12 home-adsense home-adsense-2">
<div class="wrapper-adsense-content wrapper-adsense-content-1"><img class="img-responsive" src="themes/jms_elpis/img/demo/banner-5.jpg" alt="Fashion" /><div class="box-adsense-content">
<div class="box-adsense">
<div class="adsense-content">
<p class="title">shoes <a href="#" title="View collection">View collection</a></p>
</div>
</div>
</div>
</div>
<div class="wrapper-adsense-content wrapper-adsense-content-2">
<div class="box-adsense-content">
<div class="box-adsense">
<div class="adsense-content">
<p class="title"><a href="#" title="Fashion">Big sale</a></p>
<span class="content">Find your style width special deals</span></div>
</div>
</div>
</div>
</div>
<div class="col-lg-4 col-md-4 col-sm-4 col-xs-12 home-adsense home-adsense-3">
<div class="ads-content"><img class="img-responsive" src="themes/jms_elpis/img/demo/banner-6.jpg" alt="Fashion" /><div class="box-adsense-content">
<div class="box-adsense">
<div class="adsense-content">
<p class="title"><a href="#" title="Fashion">Men's sale</a></p>
</div>
</div>
</div>
</div>
</div>
</div>]]></htmlData>
			</block>
</position>
</row>
<row title="New products" class="section-products" fullwidth="0">
<position title="New products" class_suffix="" col_lg="12" col_sm="12" col_md="12" col_xs="12">
<block title="New products" block_type="module" module_name="jmsnewproducts" hook_name="home" show_title="0" />
</position>
</row>
<row title="Featured categories" class="featured-categories" fullwidth="0">
<position title="Featured categories" class_suffix="" col_lg="12" col_sm="12" col_md="12" col_xs="12">
<block title="Featured categories" block_type="custom_html" module_name="" hook_name="top" show_title="0">
				<htmlData><![CDATA[<div class="slider-product-title">
<h3 class="title"><span class="title-content">Featured categories</span></h3>
</div>
<div class="row">
<div class="col-lg-3 col-md-3 col-sm-6 list-cartegories">
<div class="featured-cat"><a href="?id_category=53&amp;controller=category&amp;id_lang=1" title="Men's Leather"> <img src="themes/jms_elpis/img/demo/cat1.jpg" class="img-responsive" alt="Men's Leather" /><span class="title">Men's Leather (20) </span> </a></div>
</div>
<div class="col-lg-3 col-md-3 col-sm-6 list-cartegories">
<div class="featured-cat"><a href="?id_category=54&amp;controller=category&amp;id_lang=1" title="Women's Jackets"> <img src="themes/jms_elpis/img/demo/cat2.jpg" class="img-responsive" alt="Women's Jackets" /><span class="title">Women's Jackets (22) </span> </a></div>
</div>
<div class="col-lg-3 col-md-3 col-sm-6 list-cartegories">
<div class="featured-cat"><a href="?id_category=55&amp;controller=category&amp;id_lang=1" title="Shoes &amp; Hats"> <img src="themes/jms_elpis/img/demo/cat3.jpg" class="img-responsive" alt="Shoes &amp; Hats" /><span class="title">Shoes &amp; Hats (17) </span> </a></div>
</div>
<div class="col-lg-3 col-md-3 col-sm-6 list-cartegories">
<div class="featured-cat"><a href="?id_category=56&amp;controller=category&amp;id_lang=1" title="Men's Leather"> <img src="themes/jms_elpis/img/demo/cat4.jpg" class="img-responsive" alt="Men's Leather" /><span class="title">Scarves &amp; belts (15) </span> </a></div>
</div>
</div>]]></htmlData>
			</block>
</position>
</row>
<row title="Services" class="section-services" fullwidth="0">
<position title="Services" class_suffix="" col_lg="12" col_sm="12" col_md="12" col_xs="12">
<block title="Services" block_type="custom_html" module_name="" hook_name="top" show_title="0">
				<htmlData><![CDATA[<div class="services">
<div class="row">
<div class="services-box">
<div class="col-lg-4 col-md-4 col-sm-4">
<div class="services-content"><em class="fa fa-truck"></em> <a href="#" title="Free shipping"> Free shipping</a>
<p>Nullam diam mollis vitae posuer, lorem vitae venetis libero in molestie tempus enim.</p>
</div>
</div>
<div class="col-lg-4 col-md-4 col-sm-4">
<div class="services-content"><em class="fa fa-refresh"></em> <a href="#" title="Free shipping"> Return exchange</a>
<p>Nullam diam mollis vitae posuer, lorem vitae venetis libero in molestie tempus enim.</p>
</div>
</div>
<div class="col-lg-4 col-md-4 col-sm-4">
<div class="services-content"><em class="fa fa-comments"></em> <a href="#" title="Free shipping"> Support 24/7</a>
<p>Nullam diam mollis vitae posuer, lorem vitae venetis libero in molestie tempus enim.</p>
</div>
</div>
</div>
</div>
</div>]]></htmlData>
			</block>
</position>
</row>
<row title="Featured products" class="featured-products" fullwidth="0">
<position title="Featured products" class_suffix="" col_lg="12" col_sm="12" col_md="12" col_xs="12">
<block title="Featured products" block_type="module" module_name="jmsfeaturedjcarousel" hook_name="home" show_title="0" />
</position>
</row>
<row title="Blog" class="section-blog" fullwidth="0">
<position title="Blog" class_suffix="blog-home-2" col_lg="12" col_sm="12" col_md="12" col_xs="12">
<block title="Blog" block_type="module" module_name="jmsblogwidget" hook_name="home" show_title="0" />
</position>
</row>
</profile>
<profile title="Footer 2" profile_type="footer" class_suffix="footer-2">
<row title="Footer navbar" class="footer-navbar" fullwidth="0">
<position title="Get in touch" class_suffix="" col_lg="4" col_sm="12" col_md="4" col_xs="12">
<block title="Get in touch" block_type="module" module_name="blockcontactinfos" hook_name="footer" show_title="1" />
</position>
<position title="Social channels" class_suffix="" col_lg="4" col_sm="12" col_md="4" col_xs="12">
<block title="Social channels" block_type="module" module_name="jmssocial" hook_name="top" show_title="1" />
</position>
<position title="Newsletter" class_suffix="" col_lg="4" col_sm="12" col_md="4" col_xs="12">
<block title="Newsletter" block_type="module" module_name="blocknewsletter" hook_name="footer" show_title="0" />
</position>
</row>
<row title="Footer center" class="footer-center" fullwidth="0">
<position title="Footer bottom" class_suffix="" col_lg="12" col_sm="12" col_md="12" col_xs="12">
<block title="Menu footer" block_type="custom_html" module_name="" hook_name="top" show_title="0">
				<htmlData><![CDATA[<div class="menu-footer">
<ul><li><a href="#" title="Company">Company</a></li>
<li><a href="#" title="Privacy">Privacy</a></li>
<li><a href="#" title="Terms">Terms</a></li>
<li><a href="#" title="Returns">Returns</a></li>
<li><a href="#" title="Afffliate">Afffliate</a></li>
<li><a href="#" title="FAQ">FAQ</a></li>
</ul></div>]]></htmlData>
			</block>
<block title="Logo payment" block_type="module" module_name="blockpaymentlogo" hook_name="footer" show_title="0" />
<block title="Coppy right" block_type="custom_html" module_name="" hook_name="top" show_title="0">
				<htmlData><![CDATA[<p class="coppy-right">© 2015 Design by <a href="#">Joommasters.com</a>. Power by <a href="#">Prestashop</a>.</p>]]></htmlData>
			</block>
</position>
</row>
</profile>
</entity_profile>
